id;testname;testnum;testaddress;testphone
1;Wooden bus Concrete;12986;ADP architecture Dollar;SSL Mayen
2;Shoes Facilitator override;82741;multi-byte plum;deposit visionary
3;XML Christmas;82885;optimize;Pennsylvania structure
4;Chips ADP homogeneous;33244;content;program cross-platform
5;invoice primary;21606;Concrete;connecting
6;virtual navigate;33215;Gloves;Brand Alabama
7;neural bandwidth;71423;Account;Garden Djibouti Moroccan
8;red;45213;Dinar synthesizing withdrawal;Electronics Account
9;Unbranded Account Peso;80187;Cambridgeshire;Manager Division override
10;Bedfordshire Card;26519;Cambridgeshire;best-of-breed
